CYUL,Montreal-Pierre-Eliott-Trudeau International Airport 
CYYZ,Toronto Lester B Pearson
CYVR,Vancouver International Airport
CYYC,Calgary International Airport
CYHZ,Halifax Stanfield International Airport
CYQB,Quebec Jean-Lesage
CYHU,Saint-Hubert
CYMX,Montreal Mirabel
CYEG,Edmonton International Airport
CYFC,Fredericton International Airport
CYOW,Ottawa MacDonald-Cartier International Airport
CYQM,Moncton International Airport
CYWG,Winnipeg International Airport
CYXE,Saskatoon International Airport
CYYG,Charlottetown International Airport
CYYT,Saint-John's International Airport
CYQX,Gander International
KJFK,John F Kennedy International Airport
KLGA,LaGuardia International Airport
KEWR,Newark International Airport
KORD,Chicago O'Hare International Airport
KMIA,Miami International Airport
KSEA,Seattle International Airport
KLAX,Los Angeles International Airport
KMCO,Orlando International Airport
KIAD,Washington Dulles
KCLT,Charlotte Douglas
KSFO,San Francisco
KSEA,Seattle-Tacoma
KBOS,Boston Logan international Airport
KTEB,Teterboro International Airport
KFTW,Dallas Fort Worth International
KATL,Atlanta Hartsfield
MPTO,Panama Tocumen
MUHA,Havana Jose Marti
MDPC,Punta Cana
LFLL,Lyon Saint-Exupery
LFPO,Paris-Orly
LFPG,Paris Charles DeGaulle
LEBL,Barcelona El-Prat
EHAM,Amsterdam International Airport
EGSS,London Stansted International Airport
EGLL,London Heathrow
EGKK,London Gatwick
SKBO,Bogota International
SKRG,Medellin Rionegro international Airport
SBGR,Sao Paulo International Airport
SBGL,Rio de Janeiro Galeao
MMMX,Mexico International
LFBD,Bordeaux Merignac
EDDF,Frankfurt Main
EDDM,Munich Franz Josef Strauss Airport
LSZH,Zurich
LSGG,Geneva International
RJAA,Tokyo-Narita
VHHH,Hong-Kong
KTEB,Teterboro
LFMN,Nice Cote d'Azur
LFLS,Grenoble Isère
LTBA,Istanbul Ataturk International Airport
BIKF,Rekjavik-Keflavik International Airport
KDEN,Denver International Airport
KLAS,Las Vegas Mc Carran International Airport
RCTP,Taipei International Airport
MYNN,Nassau International Airport
SPJC,Lima International Airport
LFBO,Toulouse Blagnac
LFRS,Nantes Atlantique
LEMD,Madrid
LKPR,Prague
LOWW,Vienna
LOWI,Innsbruck
LGAV,Athens
LBSF,Sofia
FMEE,Saint-Denis
